,store_name,old_store_address,new_store_address,store_phone_number,store_office_time,store_service
0,고양 삼송 DT,경기 고양시 덕양구 동산동 74-1,경기 고양시 덕양구 고양대로 1948,"['070-7209-1577', '070-7209-0092']",24시간,"['24시간', '맥드라이브', '맥모닝', '주차', '디카페인 커피']"
1,서울시청,서울 중구 을지로1가 32,서울 중구 남대문로9길 51 효덕빌딩,['070-7017-0155'],07:00~24:00,"['맥딜리버리', '맥모닝', '디카페인 커피']"
2,한신,서울 노원구 하계동 284,서울 노원구 한글비석로 57 (하계동),['070-7017-0348'],24시간,"['24시간', '맥모닝', '디카페인 커피']"
3,영천DT,경북 영천시 망정동 206-9,경북 영천시 호국로 141,['070-7209-1594'],09:00~22:00,"['맥드라이브', '맥딜리버리', '맥모닝', '주차', '디카페인 커피']"
4,대구동호DT,대구 동구 신서동 718,대구 동구 안심로 403,['070-7209-1572'],07:00~24:00,"['맥드라이브', '맥딜리버리', '맥모닝', '주차', '디카페인 커피']"
5,진주혁신GSDT,경남 진주시 충무공동 222-1,경남 진주시 동진로 581,['070-7209-1569'],08:00~24:00,"['맥드라이브', '맥딜리버리', '맥모닝', '주차', '디카페인 커피']"
6,용인보라DT,경기 용인시 기흥구 하갈동 142-8,경기 용인시 기흥구 용구대로 1861,['070-7209-1549'],24시간,"['24시간', '맥드라이브', '맥딜리버리', '맥모닝', '주차', '디카페인 커피']"
7,진해용원DT,경남 창원시 진해구 용원동 1213-19,경남 창원시 진해구 용원로7번길 10,['070-7209-1527'],08:00~24:00,"['맥드라이브', '맥딜리버리', '맥모닝', '주차', '디카페인 커피']"
8,광양DT,전남 광양시 중동 1309-3,전남 광양시 동광길 5,"['070-7209-1529', '070-7209-0034']",07:00~24:00,"['맥드라이브', '맥딜리버리', '맥모닝', '주차', '디카페인 커피']"
9,제주중문DT,제주특별자치도 서귀포시 색달동 2558-1,제주특별자치도 서귀포시 중문관광로 38,['070-7209-1539'],08:00~23:00,"['맥드라이브', '맥모닝', '디카페인 커피']"
10,충남홍성DT,충남 홍성군 홍성읍 소향리 72-4,충남 홍성군 홍성읍 충서로 1528,['070-7209-0032'],07:00~24:00,"['맥드라이브', '맥딜리버리', '맥모닝', '주차', '디카페인 커피']"
11,인천계산DT,인천 계양구 계산동 1083-3,인천 계양구 오조산로 39,['070-7209-1524'],24시간,"['24시간', '맥드라이브', '맥딜리버리', '맥모닝', '주차', '디카페인 커피']"
12,부산초량 DT,부산 동구 초량동 1198-7,부산 동구 중앙대로 228,['070-7209-1521'],24시간,"['24시간', '맥드라이브', '맥딜리버리', '맥모닝', '주차', '디카페인 커피']"
13,진주가좌DT,경남 진주시 가좌동 644-3,경남 진주시 진주대로 612,['070-7209-1520'],24시간,"['24시간', '맥드라이브', '맥딜리버리', '맥모닝', '주차', '디카페인 커피']"
14,위례신도시,서울 송파구 장지동 896,서울 송파구 위례광장로 290번지 위례중앙푸르지오 2단지,['070-7209-1519'],24시간,"['24시간', '맥딜리버리', '맥모닝', '주차', '디카페인 커피']"
15,부산하단DT,부산 사하구 하단동 619-20,부산 사하구 낙동대로 431,['070-7209-1517'],24시간,"['24시간', '맥드라이브', '맥딜리버리', '맥모닝', '주차', '디카페인 커피']"
16,충남논산DT,충남 논산시 내동 343-1,충남 논산시 시민로 247,['070-7209-1516'],24시간,"['24시간', '맥드라이브', '맥딜리버리', '맥모닝', '주차', '디카페인 커피']"
17,망원점,서울 마포구 망원동 377-19,서울 마포구 월드컵로 81 (망원동),['070-7209-1510'],24시간,"['24시간', '맥딜리버리', '맥모닝', '디카페인 커피']"
18,평택소사벌점,경기 평택시 비전동 1090-2,경기 평택시 평남로 862,['070-7209-1502'],08:00~24:00,"['맥딜리버리', '맥모닝', '주차', '디카페인 커피']"
19,부산명지DT점,부산 강서구 명지동 3420-7,부산 강서구 명지국제8로 270,['070-7209-1573'],07:00~01:00,"['맥드라이브', '맥딜리버리', '맥모닝', '주차', '디카페인 커피']"
20,경주용강 DT,경북 경주시 용강동 875,경북 경주시 산업로 4364,['070-7209-0007'],08:00~24:00,"['맥드라이브', '맥딜리버리', '맥모닝', '주차', '디카페인 커피']"
21,목포남악DT점,전남 무안군 삼향읍 남악리 2148,전남 무안군 삼향읍 남악3로 58,['070-7209-0005'],07:00~01:00,"['맥드라이브', '맥딜리버리', '맥모닝', '주차', '디카페인 커피']"
22,고양원당DT점,경기 고양시 덕양구 주교동 610-4,경기 고양시 덕양구 호국로 777,['070-7209-1555'],08:00~01:00,"['맥드라이브', '맥딜리버리', '맥모닝', '주차']"
23,동묘,서울 종로구 창신동 290,서울 종로구 종로 339,['070-7209-1543'],24시간,"['24시간', '맥딜리버리', '맥모닝', '디카페인 커피']"
24,부산 남천DT점,부산 수영구 남천동 30-4,부산 수영구 수영로 470,['070-7209-1548'],24시간,"['24시간', '맥드라이브', '맥딜리버리', '맥모닝', '주차', '디카페인 커피']"
25,안산고잔 DT,경기 안산시 단원구 고잔동 705-5,경기 안산시 단원구 광덕3로 145-3,['070-7209-1599'],24시간,"['24시간', '맥드라이브', '맥딜리버리', '맥모닝', '주차', '디카페인 커피']"
26,전북정읍DT,전북 정읍시 수성동 524-17,전북 정읍시 남북로 51,['070-7209-1627'],08:00~01:00,"['맥드라이브', '맥딜리버리', '맥모닝', '주차', '디카페인 커피']"
27,구리인창 DT,경기 구리시 인창동 410-5,경기 구리시 동구릉로 130,['070-7209-1618'],24시간,"['24시간', '맥드라이브', '맥모닝', '주차']"
28,강남삼성DT,서울 강남구 삼성동 113-7,서울 강남구 봉은사로 432,['070-7209-0677'],24시간,"['24시간', '맥드라이브', '맥딜리버리', '맥모닝', '주차', '디카페인 커피']"
29,부산정관DT점,부산 기장군 정관읍 매학리 720-3,부산 기장군 정관읍 정관로 584,['070-7209-1630'],24시간,"['24시간', '맥드라이브', '맥딜리버리', '맥모닝', '주차', '디카페인 커피']"
30,홍제역,서울 서대문구 홍제동 253-11,서울 서대문구 통일로 442-1,['070-7017-0299'],24시간,"['24시간', '맥딜리버리', '맥모닝', '디카페인 커피']"
31,서울 상암 DMC,서울 마포구 상암동 1602,서울 마포구 월드컵북로 400 1층 맥도날드,['070-7209-1604'],24시간,"['24시간', '맥딜리버리', '맥모닝', '디카페인 커피']"
32,서판교 DT,경기 성남시 분당구 운중동 1017,경기 성남시 분당구 운중로 190,['070-7209-1595'],07:00~00:00,"['맥드라이브', '맥딜리버리', '맥모닝', '주차', '디카페인 커피']"
33,춘천후평DT,강원 춘천시 후평동 702-5,강원 춘천시 후석로 334,['070-7209-0662'],24시간,"['24시간', '맥드라이브', '맥딜리버리', '맥모닝', '주차', '디카페인 커피']"
34,화성향남DT,경기 화성시 향남읍 방축리 297-75,경기 화성시 향남읍 행정남로 120,['070-7209-0660'],24시간,"['24시간', '맥드라이브', '맥딜리버리', '맥모닝', '주차', '디카페인 커피']"
35,충남보령DT,충남 보령시 궁촌동 345-4,충남 보령시 터미널길 3,['070-7209-0661'],24시간,"['24시간', '맥드라이브', '맥딜리버리', '맥모닝', '주차', '디카페인 커피']"
36,구미옥계DT점,경북 구미시 옥계동 362-1,경북 구미시 옥계2공단로 390,['070-7209-0659'],07:00~24:00,"['맥드라이브', '맥딜리버리', '맥모닝', '주차', '디카페인 커피']"
37,부산엄궁 DT,부산 사상구 엄궁동 367-3,부산 사상구 낙동대로 745,['070-7209-0657'],24시간,"['24시간', '맥드라이브', '맥딜리버리', '맥모닝', '주차', '디카페인 커피']"
38,김해장유 DT,경남 김해시 대청동 316-1,경남 김해시 삼문로 34,['070-7209-0656'],24시간,"['24시간', '맥드라이브', '맥딜리버리', '맥모닝', '주차', '디카페인 커피']"
39,동해DT,강원 동해시 천곡동 1066,강원 동해시 한섬로 93,['070-7209-0655'],24시간,"['24시간', '맥드라이브', '맥딜리버리', '맥모닝', '주차', '디카페인 커피']"
40,밀양 DT,경남 밀양시 삼문동 397,경남 밀양시 밀양대로 1872,['070-7209-0567'],24시간,"['24시간', '맥드라이브', '맥딜리버리', '맥모닝', '주차', '디카페인 커피']"
41,코엑스,서울 강남구 삼성동 159,서울 강남구 영동대로 513 B1 A102 맥도날드,['070-7209-0565'],06:00~01:00,"['맥모닝', '주차', '디카페인 커피']"
42,보라매,서울 영등포구 신길동 505,서울 영등포구 여의대방로 145 세인트빌딩,['070-7209-0969'],24시간,"['24시간', '맥딜리버리', '맥모닝', '디카페인 커피']"
43,판교테크노밸리,경기 성남시 분당구 삼평동 680,경기 성남시 분당구 판교역로 231 H스퀘어 S동 1층,['070-7209-0564'],07:00~24:00,"['맥딜리버리', '맥모닝', '디카페인 커피']"
44,광명DT,경기 광명시 광명동 754-4,경기 광명시 광명로 765,['070-7209-0563'],24시간,"['24시간', '맥드라이브', '맥딜리버리', '맥모닝', '주차', '디카페인 커피']"
45,서면 3,부산 부산진구 부전동 172-6,부산 부산진구 중앙대로692번길 33,['070-7209-0562'],24시간,"['24시간', '맥딜리버리', '맥모닝', '디카페인 커피']"
46,대구교대DT,대구 남구 대명동 1793-5,대구 남구 중앙대로 225,['070-7209-0560'],07:00~24:00,"['맥드라이브', '맥딜리버리', '맥모닝', '주차']"
47,고척DT,서울 구로구 고척동 73-20,서울 구로구 경인로 393,['070-7209-0558'],07:00~02:00,"['맥드라이브', '맥딜리버리', '맥모닝', '주차', '디카페인 커피']"
48,군포당동SK DT,경기 군포시 당동 871-2,경기 군포시 고산로 259,['070-7209-0557'],07:00~01:00,"['맥드라이브', '맥모닝', '주차']"
49,부산다대DT점,부산 사하구 다대동 1160-12,부산 사하구 다대로 532-1,"['070-7209-0559', '070-7209-0959']",24시간,"['24시간', '맥드라이브', '맥딜리버리', '맥모닝', '주차', '디카페인 커피']"
50,서울둔촌DT,서울 강동구 둔촌동 517-2,서울 강동구 양재대로 1382,['070-7209-0555'],24시간,"['24시간', '맥드라이브', '맥딜리버리', '맥모닝', '주차', '디카페인 커피']"
51,광주진월DT,광주 남구 진월동 291-7,광주 남구 서문대로 697,['070-7209-0551'],07:00~02:00,"['맥드라이브', '맥딜리버리', '맥모닝', '주차', '디카페인 커피']"
52,굽은다리역DT,서울 강동구 천호동 31-10,서울 강동구 양재대로 1587,['070-7209-0553'],24시간,"['24시간', '맥드라이브', '맥딜리버리', '맥모닝', '주차']"
53,부산범전DT,부산 부산진구 범전동 383-25,부산 부산진구 중앙대로 823,['070-7209-0552'],24시간,"['24시간', '맥드라이브', '맥딜리버리', '맥모닝', '주차', '디카페인 커피']"
54,고양풍동DT,경기 고양시 일산동구 풍동 148-3,경기 고양시 일산동구 백마로 493,['070-7209-0550'],24시간,"['24시간', '맥드라이브', '맥딜리버리', '맥모닝', '주차', '디카페인 커피']"
55,서산DT,충남 서산시 예천동 524-26,충남 서산시 충의로 3,['070-7209-0548'],24시간,"['24시간', '맥드라이브', '맥딜리버리', '맥모닝', '주차']"
56,부천역곡역DT,경기 부천시 괴안동 112-23,경기 부천시 경인로 487,['070-7209-0547'],24시간,"['24시간', '맥드라이브', '맥딜리버리', '맥모닝', '주차', '디카페인 커피']"
57,대구 다사DT,대구 달성군 다사읍 죽곡리 5-23,대구 달성군 다사읍 달구벌대로 825,['070-7209-0546'],07:00~24:00,"['맥드라이브', '맥딜리버리', '맥모닝', '주차', '디카페인 커피']"
58,충남아산DT,충남 아산시 온천동 36-28,충남 아산시 충무로 37,['070-7209-0545'],08:00~24:00,"['맥드라이브', '맥딜리버리', '맥모닝', '주차']"
59,우장산DT,서울시 강서구 화곡동 1026,서울시 강서구 화곡동 1026,['070-7209-0542'],08:00~24:00,"['맥드라이브', '맥딜리버리', '맥모닝', '주차']"
60,제천DT점,충북 제천시 청전동 165-5,충북 제천시 의림대로 202,['070-7209-0544'],07:00~01:00,"['맥드라이브', '맥딜리버리', '맥모닝', '주차']"
61,미아DT,서울 강북구 미아동 682-12,서울 강북구 삼양로 158,['070-7209-0543'],24시간,"['24시간', '맥드라이브', '맥딜리버리', '맥모닝', '주차', '디카페인 커피']"
62,대구복현DT점,대구 북구 복현동 364-5,대구 북구 동북로 303,['070-7209-0541'],07:00~02:00,"['맥드라이브', '맥딜리버리', '맥모닝', '주차', '디카페인 커피']"
63,부천원종DT,경기 부천시 원종동 376-6,경기 부천시 소사로 689,['070-7209-0540'],24시간,"['24시간', '맥드라이브', '맥딜리버리', '맥모닝', '주차', '디카페인 커피']"
64,부천심곡DT,경기 부천시 심곡본동 559,경기 부천시 경인로 170,['070-7209-0537'],07:00~01:00,"['맥드라이브', '맥딜리버리', '맥모닝', '주차']"
65,울산 일산 DT,울산 동구 일산동 951-5,울산 동구 방어진순환도로 634,"['070-7209-0539', '070-7209-0939']",24시간,"['24시간', '맥드라이브', '맥딜리버리', '맥모닝', '주차', '디카페인 커피']"
66,이천 DT,경기 이천시 중리동 461-3,경기 이천시 경충대로 2578,['070-7209-0538'],24시간,"['24시간', '맥드라이브', '맥딜리버리', '맥모닝', '주차', '디카페인 커피']"
67,용인동백DT,경기 용인시 기흥구 상하동 455-2,경기 용인시 기흥구 어정로 108-1,['070-7209-0536'],24시간,"['24시간', '맥드라이브', '맥딜리버리', '맥모닝', '주차', '디카페인 커피']"
68,구월 아시아드 DT점,인천 남동구 구월동 1185,인천 남동구 남동대로 724,['070-7209-0535'],08:00~01:00,"['맥드라이브', '맥딜리버리', '맥모닝', '주차']"
69,구미인동DT,경북 구미시 인의동 1004-1,경북 구미시 인동북길 155,['070-7209-0534'],07:00~24:00,"['맥드라이브', '맥딜리버리', '맥모닝', '주차', '디카페인 커피']"
70,수원정자DT,경기 수원시 장안구 정자동 76-18,경기 수원시 장안구 수성로 267,['070-7209-0532'],24시간,"['24시간', '맥드라이브', '맥딜리버리', '맥모닝', '주차', '디카페인 커피']"
71,대전부사DT,대전 중구 부사동 87-14,대전 중구 충무로 139,['070-7209-0330'],24시간,"['24시간', '맥드라이브', '맥딜리버리', '맥모닝', '주차', '디카페인 커피']"
72,광명소하DT점,경기 광명시 소하동 1340,경기 광명시 오리로 512,['070-7209-0533'],07:00~01:00,"['맥드라이브', '맥딜리버리', '맥모닝', '주차']"
73,서울번동DT점,서울 강북구 번동 106,서울특별시 강북구 월계로 191,['070-7209-0531'],07:00~02:00,"['맥드라이브', '맥딜리버리', '맥모닝', '주차']"
74,화성봉담DT,경기 화성시 기안동 357-5,경기 화성시 효행로 269,['070-7209-0727'],07:00~24:00,"['맥드라이브', '맥딜리버리', '맥모닝', '주차', '디카페인 커피']"
75,해운대DT,부산 해운대구 우동 626-13,부산 해운대구 해운대로570번길 51,['070-7209-1629'],24시간,"['24시간', '맥드라이브', '맥딜리버리', '맥모닝', '주차', '디카페인 커피']"
76,부산덕천 DT,부산 북구 덕천동 554-1,부산 북구 금곡대로 107,['070-7209-0626'],24시간,"['24시간', '맥드라이브', '맥딜리버리', '맥모닝', '주차', '디카페인 커피']"
77,부산사직DT점,부산 동래구 사직동 105-10,부산 동래구 아시아드대로 110,['070-7209-0735'],07:00~24:00,"['맥드라이브', '맥모닝', '주차', '디카페인 커피']"
78,제주월드컵스타디움DT,제주특별자치도 서귀포시 강정동 231-1,제주특별자치도 서귀포시 일주서로 7,['070-7209-0724'],07:00~24:00,"['맥드라이브', '맥딜리버리', '맥모닝', '주차', '디카페인 커피']"
79,용인시청DT,경기 용인시 처인구 삼가동 250-34,경기 용인시 처인구 중부대로 1166(삼가동),['070-7209-1632'],24시간,"['24시간', '맥드라이브', '맥딜리버리', '맥모닝', '주차', '디카페인 커피']"
80,천안고속버스터미널,충남 천안시 동남구 신부동 363-2,충남 천안시 동남구 만남로 43 1층,['070-7209-0328'],24시간,"['24시간', '맥딜리버리', '맥모닝', '디카페인 커피']"
81,부산동명대DT점,부산 남구 용당동 524,부산 남구 신선로 424,['070-7209-0622'],07:00~01:00,"['맥드라이브', '맥딜리버리', '맥모닝', '주차']"
82,제주공항DT점,제주특별자치도 제주시 용담이동 1787,제주특별자치도 제주시 도령로 159,['070-7209-0158'],08:00~24:00,"['맥드라이브', '맥딜리버리', '맥모닝', '주차', '디카페인 커피']"
83,서울시흥DT,서울 금천구 시흥동 903-4,서울 금천구 시흥대로 184,['070-7209-0520'],24시간,"['24시간', '맥드라이브', '맥딜리버리', '맥모닝', '주차', '디카페인 커피']"
84,용인 신갈 DT점,경기 용인시 기흥구 영덕동 40-2,경기 용인시 기흥구 중부대로 266,['070-7209-0529'],07:00~24:00,"['맥드라이브', '맥모닝', '주차', '디카페인 커피']"
85,안국역점,서울 종로구 안국동 164,서울 종로구 율곡로 45,['070-7209-0603'],07:00~24:00,"['맥딜리버리', '맥모닝', '디카페인 커피']"
86,양산덕계DT점,경남 양산시 평산동 16-6,경남 양산시 웅상대로 910,['070-7209-0616'],07:00~24:00,"['맥드라이브', '맥딜리버리', '맥모닝', '주차', '디카페인 커피']"
87,하남시청DT점,경기 하남시 신장동 522-5,경기 하남시 대청로 25,['070-7209-0514'],07:00~01:00,"['맥드라이브', '맥딜리버리', '맥모닝', '주차']"
88,과학기술대점,서울 노원구 공릉동 435-2,서울 노원구 공릉로 231,['070-7209-0615'],07:00~01:00,"['맥딜리버리', '맥모닝', '주차']"
89,송파잠실DT,서울 송파구 잠실동 305-15,서울 송파구 도곡로 434,['070-7209-0613'],24시간,"['24시간', '맥드라이브', '맥딜리버리', '맥모닝', '주차', '디카페인 커피']"
90,홍익대,서울 마포구 동교동 162-4,서울 마포구 양화로 140 2층,['070-7209-0512'],24시간,"['24시간', '맥딜리버리', '맥모닝', '주차', '디카페인 커피']"
91,충남당진DT,충남 당진시 읍내동 423-39,충남 당진시 서문1길 62-18,['070-7209-0619'],24시간,"['24시간', '맥드라이브', '맥딜리버리', '맥모닝', '주차', '디카페인 커피']"
92,방학역DT점,서울 도봉구 도봉동 620-25,서울 도봉구 도봉로 735,['070-7209-0508'],08:00~01:00,"['맥드라이브', '맥딜리버리', '맥모닝', '주차']"
93,부산영도DT,부산 영도구 봉래동3가 82-2,부산 영도구 태종로 150,['070-7209-0610'],24시간,"['24시간', '맥드라이브', '맥딜리버리', '맥모닝', '주차', '디카페인 커피']"
94,상일동점,서울 강동구 상일동 502,서울 강동구 상일로6길 39,['070-7209-0611'],07:00~23:00,"['맥딜리버리', '맥모닝', '주차']"
95,양주휴게소DT,경기 양주시 장흥면 삼하리 250-16,경기 양주시 장흥면 서울외곽순환고속도로 58 양주간이휴게시설내 양주휴게소DT점,['070-7209-0692'],24시간,"['24시간', '맥드라이브', '디카페인 커피']"
96,김포감정DT점,경기 김포시 감정동 504-6,경기 김포시 중봉로25번길 21,['070-7209-0607'],08:00~01:00,"['맥드라이브', '맥딜리버리', '맥모닝', '주차']"
97,양산북정 DT점,경남 양산시 신기동 545-7,경남 양산시 양산대로 925,['070-7209-0606'],24시간,"['24시간', '맥드라이브', '맥딜리버리', '맥모닝', '주차']"
98,울산 삼산로 DT,울산 남구 달동 1253-1,울산 남구 삼산로 230,['070-7209-0604'],24시간,"['24시간', '맥드라이브', '맥딜리버리', '맥모닝', '주차', '디카페인 커피']"
99,경주보문DT,경북 경주시 신평동 436,경북 경주시 보문로 441,['070-7209-0605'],08:00~24:00,"['맥드라이브', '맥모닝', '주차', '디카페인 커피']"
100,상계DT,서울 노원구 상계동 1022,서울 노원구 동일로 1612,['070-7209-0600'],24시간,"['24시간', '맥드라이브', '맥딜리버리', '맥모닝', '주차', '디카페인 커피']"
101,울산 굴화DT점,울산 울주군 범서읍 굴화리 28-8,울산 울주군 범서읍 울밀로 2877,['070-7209-0602'],07:00~02:00,"['맥드라이브', '맥딜리버리', '맥모닝', '주차', '디카페인 커피']"
102,숭실대,서울 동작구 상도동 505-5,서울 동작구 사당로 22 창주빌딩 1층,['070-7209-0593'],24시간,"['24시간', '맥딜리버리', '맥모닝', '디카페인 커피']"
103,여수 학동 DT점,전남 여수시 학동 82-3,전남 여수시 망마로 9 (학동) ,['070-7209-0673'],24시간,"['24시간', '맥드라이브', '맥딜리버리', '맥모닝', '주차', '디카페인 커피']"
104,부천북부역,경기 부천시 심곡동 175-6,경기 부천시 부천로 11,['070-7209-0598'],08:00~24:00,"['맥딜리버리', '맥모닝', '주차', '디카페인 커피']"
105,동두천지행DT,경기 동두천시 지행동 340-1,경기 동두천시 평화로 2290,['070-7209-0597'],24시간,"['24시간', '맥드라이브', '맥딜리버리', '맥모닝', '주차', '디카페인 커피']"
106,인천옥련 DT점,인천 연수구 옥련동 265-29,인천 연수구 비류대로 176 (옥련동) ,['070-7209-0601'],24시간,"['24시간', '맥드라이브', '맥딜리버리', '맥모닝', '주차', '디카페인 커피']"
107,순천조례DT,전남 순천시 조례동 382-1,전남 순천시 순광로 75,['070-7209-0591'],24시간,"['24시간', '맥드라이브', '맥딜리버리', '맥모닝', '주차', '디카페인 커피']"
108,전주평화 DT,전북 전주시 완산구 평화동1가 732-1,전북 전주시 완산구 모악로 4758,['070-7209-0590'],07:00~02:00,"['맥드라이브', '맥딜리버리', '맥모닝', '주차', '디카페인 커피']"
109,대구두류DT점,대구 달서구 두류동 495-47,대구 달서구 달구벌대로 1684 (두류동),['070-7209-0696'],07:00~24:00,"['맥드라이브', '맥모닝', '주차', '디카페인 커피']"
110,청주금천 DT,충북 청주시 상당구 금천동 44-1,충북 청주시 상당구 중고개로 281,['070-7209-0795'],24시간,"['24시간', '맥드라이브', '맥딜리버리', '맥모닝', '주차', '디카페인 커피']"
111,수원세류DT,경기 수원시 권선구 세류동 1155-8,경기 수원시 권선구 경수대로 195,['070-7209-0688'],24시간,"['24시간', '맥드라이브', '맥딜리버리', '맥모닝', '주차', '디카페인 커피']"
112,명지대점,서울 서대문구 남가좌동 324-3,서울특별시 서대문구 거북골로 25 (남가좌동),['070-7209-0569'],08:00~01:00,"['맥딜리버리', '맥모닝']"
113,김포장기 DT,경기 김포시 장기동 1911-2,경기 김포시 김포한강1로 77-40,['070-7209-0583'],24시간,"['24시간', '맥드라이브', '맥딜리버리', '맥모닝', '주차', '디카페인 커피']"
114,염창 DT점,서울 강서구 염창동 280-11,서울 강서구 공항대로71길 3 (염창동) ,['070-7209-0594'],07:00~01:00,"['맥드라이브', '맥딜리버리', '맥모닝', '주차']"
115,수원 망포DT,경기 수원시 영통구 망포동 21-1,경기도 수원시 영통구 덕영대로 1499 (망포동),['070-7209-0589'],24시간,"['24시간', '맥드라이브', '맥딜리버리', '맥모닝', '주차', '디카페인 커피']"
116,강남대,경기 용인시 기흥구 구갈동 579-1,경기 용인시 기흥구 강남로 13 칼리지포인트,['070-7209-0968'],08:00~24:00,"['맥딜리버리', '맥모닝', '주차', '디카페인 커피']"
117,부산구서DT,부산 금정구 구서동 163-2,부산 금정구 중앙대로 1957,['070-7209-0587'],24시간,"['24시간', '맥드라이브', '맥딜리버리', '맥모닝', '주차', '디카페인 커피']"
118,창원내서DT,경남 창원시 마산회원구 내서읍 중리 1043-8,경남 창원시 마산회원구 내서읍 광려천서로 77 맥도날드 창원내서DT점,['070-7209-0586'],24시간,"['24시간', '맥드라이브', '맥딜리버리', '맥모닝', '주차', '디카페인 커피']"
119,학동역,서울 강남구 논현동 129-1,서울 강남구 논현로 667,['070-7209-0585'],07:00~24:00,['맥모닝']
120,목포하당DT점,전남 목포시 상동 1126-2,전남 목포시 통일대로 88 (상동),['070-7209-0577'],08:00~24:00,"['맥드라이브', '맥딜리버리', '맥모닝', '주차']"
121,제주일도 DT,제주특별자치도 제주시 일도이동 369-11,제주특별자치도 제주시 동광로 134,['070-7209-0580'],07:00~01:00,"['맥드라이브', '맥딜리버리', '맥모닝', '주차', '디카페인 커피']"
122,김해외동DT점,경남 김해시 외동 238-3,경남 김해시 분성로 144 (외동),['070-7209-0575'],24시간,"['24시간', '맥드라이브', '맥딜리버리', '맥모닝', '주차', '디카페인 커피']"
123,인천삼산DT점,인천 부평구 삼산동 226-7,인천 부평구 장제로 380 (삼산동) ,['070-7209-0576'],24시간,"['24시간', '맥드라이브', '맥딜리버리', '맥모닝', '주차']"
124,군포산본DT점,경기 군포시 산본동 51-1,경기 군포시 고산로 715 (산본동),['070-7209-0582'],24시간,"['24시간', '맥드라이브', '맥딜리버리', '맥모닝', '주차']"
125,구리 수택,경기 구리시 수택동 526-4,경기 구리시 검배로 7 (수택동),['070-7209-0581'],08:00~01:00,"['맥딜리버리', '맥모닝']"
126,광주월산DT,광주 남구 월산동 951-3,광주 남구 대남대로 393,"['070-7209-0573', '070']",24시간,"['24시간', '맥드라이브', '맥딜리버리', '맥모닝', '주차', '디카페인 커피']"
127,수원인계DT,경기 수원시 팔달구 인계동 363-3,경기 수원시 팔달구 권광로 261,['070-7209-0042'],24시간,"['24시간', '맥드라이브', '맥딜리버리', '맥모닝', '주차', '디카페인 커피']"
128,송도GS DT점,인천 연수구 송도동 8-18,인천 연수구 하모니로 128 (송도동),"['070-7209-0962', '070-7209-0960']",24시간,"['24시간', '맥드라이브', '맥딜리버리', '맥모닝', '주차', '디카페인 커피']"
129,대구상인DT,대구 달서구 상인동 54-2,대구 달서구 월곡로 338,"['070-7209-0571', '070-7209-0572']",07:00~24:00,"['맥드라이브', '맥딜리버리', '맥모닝', '주차', '디카페인 커피']"
130,대구 이곡DT,대구 달서구 이곡동 1244-3,대구 달서구 이곡공원로 8,['070-7209-0965'],07:00~24:00,"['맥드라이브', '맥딜리버리', '맥모닝', '주차', '디카페인 커피']"
131,춘천퇴계DT,강원 춘천시 퇴계동 418-20,강원 춘천시 영서로 2173,['070-7209-1062'],24시간,"['24시간', '맥드라이브', '맥딜리버리', '맥모닝', '주차', '디카페인 커피']"
132,대전 유성 DT점,대전 유성구 봉명동 446-5,대전 유성구 계룡로87번길 3 (봉명동),['070-7209-0045'],24시간,"['24시간', '맥드라이브', '맥딜리버리', '맥모닝', '주차', '디카페인 커피']"
133,창원사파DT,경남 창원시 성산구 사파동 97-4,경남 창원시 성산구 창이대로706번길 2,['070-7209-0964'],24시간,"['24시간', '맥드라이브', '맥딜리버리', '맥모닝', '주차', '디카페인 커피']"
134,전남대 DT,광주 북구 용봉동 127-1,광주 북구 우치로 134,['070-7209-1058'],24시간,"['24시간', '맥드라이브', '맥딜리버리', '맥모닝', '주차', '디카페인 커피']"
135,대전가수원DT,대전 서구 가수원동 655-4,대전 서구 계백로 1124,['070-7209-0040'],24시간,"['24시간', '맥드라이브', '맥딜리버리', '맥모닝', '주차', '디카페인 커피']"
136,부산 구남DT점,부산 북구 구포동 920-16,부산 북구 백양대로 1045 (구포동),['070-7209-0963'],24시간,"['24시간', '맥드라이브', '맥딜리버리', '맥모닝', '주차', '디카페인 커피']"
137,익산영등DT점,전북 익산시 영등동 747-8,전북 익산시 무왕로 1046,['070-7209-0035'],24시간,"['24시간', '맥드라이브', '맥딜리버리', '맥모닝', '주차', '디카페인 커피']"
138,대전 유천 DT점,대전 중구 유천동 327-4,대전 중구 계백로 1549 (유천동),['070-7209-0925'],24시간,"['24시간', '맥드라이브', '맥딜리버리', '맥모닝', '주차']"
139,수내역,경기 성남시 분당구 수내동 18-1,경기 성남시 분당구 백현로101번길 29 C&C 빌딩 1층,['070-7204-4918'],24시간,"['24시간', '맥딜리버리', '맥모닝', '디카페인 커피']"
140,마석DT,경기 남양주시 화도읍 마석우리 481-2,경기 남양주시 화도읍 비룡로 89,['070-7209-1068'],24시간,"['24시간', '맥드라이브', '맥딜리버리', '맥모닝', '주차', '디카페인 커피']"
141,청주율량GS DT점,충북 청주시 청원구 율량동 769,충북 청주시 청원구 공항로 156,['070-7209-1066'],24시간,"['24시간', '맥드라이브', '맥딜리버리', '맥모닝', '주차', '디카페인 커피']"
142,대구 본리DT점,대구 달서구 감삼동 346,대구 달서구 와룡로 134 (감삼동),"['070-7209-1064', '070-7209-1065']",07:00~01:00,"['맥드라이브', '맥딜리버리', '맥모닝', '주차']"
143,수원 아주대점,경기 수원시 영통구 원천동 18-1,경기 수원시 영통구 아주로 46 (원천동),"['070-7209-0922', '070-7209-0924']",08:00~01:00,"['맥딜리버리', '맥모닝', '주차']"
144,성남신흥DT점,경기 성남시 수정구 신흥동 181,경기 성남시 수정구 수정로 306 (신흥동) ,['070-7209-0920'],07:00~01:00,"['맥드라이브', '맥딜리버리', '맥모닝', '주차']"
145,경희대국제캠퍼스,경기 수원시 영통구 영통동 1024-9,경기 수원시 영통구 덕영대로 1703 아이시티,['070-7209-1056'],24시간,"['24시간', '맥딜리버리', '맥모닝', '디카페인 커피']"
146,군산나운DT,전북 군산시 나운동 844-6,전북 군산시 나운로 132,['070-7204-4996'],24시간,"['24시간', '맥드라이브', '맥딜리버리', '맥모닝', '주차', '디카페인 커피']"
147,전주효자 DT,전북 전주시 완산구 효자동1가 411-24,전북 전주시 완산구 용머리로 13,['070-7017-6859'],24시간,"['24시간', '맥드라이브', '맥딜리버리', '맥모닝', '주차', '디카페인 커피']"
148,대전신탄진DT점,대전 대덕구 상서동 834-4,대전 대덕구 신탄진로 605 (상서동),"['070-7204-4997', '070-7204-4957']",24시간,"['24시간', '맥드라이브', '맥딜리버리', '맥모닝', '주차']"
149,수원 성균관대,경기 수원시 장안구 율전동 291-6,경기 수원시 장안구 서부로 2127,['070-7204-4999'],24시간,"['24시간', '맥딜리버리', '맥모닝', '디카페인 커피']"
150,의왕오전DT,경기 의왕시 오전동 207-1,경기 의왕시 경수대로 351,['070-7204-4993'],24시간,"['24시간', '맥드라이브', '맥딜리버리', '맥모닝', '주차', '디카페인 커피']"
151,신사역,서울 강남구 신사동 514-15,서울 강남구 도산대로 123 2층,['070-7204-4968'],24시간,"['24시간', '맥딜리버리', '맥모닝', '디카페인 커피']"
152,광주산정DT점,광주 광산구 산정동 143-16,광주 광산구 용아로 251 (산정동),"['070-7204-4995', '070-7204-4955']",24시간,"['24시간', '맥드라이브', '맥딜리버리', '맥모닝', '주차', '디카페인 커피']"
153,진해자은 DT,경남 창원시 진해구 자은동 808-2,경남 창원시 진해구 진해대로 950,['070-7204-4922'],24시간,"['24시간', '맥드라이브', '맥딜리버리', '맥모닝', '주차', '디카페인 커피']"
154,부산수영SK DT점,부산 수영구 수영동 450-9,부산 수영구 연수로 411 (수영동),"['070-7204-4991', '070-7204-4990']",07:00~01:00,"['맥드라이브', '맥딜리버리', '맥모닝', '주차']"
155,만수DT점,인천 남동구 만수동 904-4,인천 남동구 백범로 229 (만수동),"['070-7204-4994', '070-7204-4974']",24시간,"['24시간', '맥드라이브', '맥딜리버리', '맥모닝', '주차']"
156,외대,서울 동대문구 이문동 305-2,서울 동대문구 휘경로 13,['070-7209-1547'],24시간,"['24시간', '맥딜리버리', '맥모닝', '디카페인 커피']"
157,전주덕진 DT,전북 전주시 덕진구 덕진동1가 1401-18,전북 전주시 덕진구 기린대로 503,['070-7017-6858'],24시간,"['24시간', '맥드라이브', '맥딜리버리', '맥모닝', '주차', '디카페인 커피']"
158,장안사거리점,서울 동대문구 장안동 308-4,서울 동대문구 답십리로 291-1 (장안동) ,"['070-7017-6857', '070-7204-4427']",08:00~23:00,"['맥딜리버리', '맥모닝', '주차']"
159,신월DT,서울 양천구 신월동 199-3,서울 양천구 남부순환로 404,['070-7017-6853'],24시간,"['24시간', '맥드라이브', '맥딜리버리', '맥모닝', '주차', '디카페인 커피']"
160,이태원,서울 용산구 이태원동 56-21,서울 용산구 이태원로 142-1,['070-7017-0305'],24시간,"['24시간', '맥딜리버리', '맥모닝', '디카페인 커피']"
161,노량진,서울 동작구 노량진동 100-1,서울 동작구 노량진로 158,['070-7017-0307'],24시간,"['24시간', '맥딜리버리', '맥모닝', '디카페인 커피']"
162,동인천점,인천 중구 인현동 27-3,인천 중구 우현로 85-1 (인현동),"['070-7017-0319', '070-7017-0309']",08:00~02:00,"['맥드라이브', '맥딜리버리', '맥모닝']"
163,방배,서울 서초구 방배동 909-9,서울 서초구 방배로 81 유경빌딩 1층,"['070-7017-0332', '070-7017-0318']",24시간,"['24시간', '맥딜리버리', '맥모닝', '디카페인 커피']"
164,수유,서울 강북구 번동 418-17,서울 강북구 도봉로 342,['070-7017-0336'],24시간,"['24시간', '맥딜리버리', '맥모닝', '디카페인 커피']"
165,강선,경기 고양시 일산서구 주엽동 51-1,"경기 고양시 일산서구 대산로 113 1층 맥도날드(주엽동, 백마프라자)",['070-7017-0352'],24시간,"['24시간', '맥딜리버리', '맥모닝', '주차', '디카페인 커피']"
166,사직점,부산 동래구 사직동 92-7,부산 동래구 사직북로 1 (사직동),"['070-7209-1534', '070-7017-0954']",08:00~01:00,"['맥드라이브', '맥딜리버리', '맥모닝']"
167,안암,서울 성북구 안암동5가 102-33,서울 성북구 고려대로24길 42 방주빌딩,['070-7017-0367'],24시간,"['24시간', '맥딜리버리', '맥모닝', '디카페인 커피']"
168,합성,경남 창원시 마산회원구 합성동 126-1,경남 창원시 마산회원구 3.15대로 742-1,['070-7017-0387'],24시간,"['24시간', '맥딜리버리', '맥모닝']"
169,신림,서울 관악구 신림동 1641-22,서울 관악구 신림로 310,['070-7017-0374'],24시간,"['24시간', '맥딜리버리', '맥모닝', '디카페인 커피']"
170,경주,경북 경주시 노동동 102-6,경북 경주시 중앙로 35,['070-7017-0376'],08:00~24:00,"['맥딜리버리', '맥모닝', '디카페인 커피']"
171,영등포,서울 영등포구 영등포동3가 10-4,서울 영등포구 경인로 855,['070-7209-1540'],07:00~02:00,"['맥딜리버리', '맥모닝', '디카페인 커피']"
172,주례,부산 사상구 주례동 60-10,부산 사상구 가야대로 368,['070-7017-0375'],24시간,"['24시간', '맥딜리버리', '맥모닝', '디카페인 커피']"
173,당감 DT,부산 부산진구 당감동 282-30,부산 부산진구 동평로 91,['070-7017-0382'],24시간,"['24시간', '맥드라이브', '맥딜리버리', '맥모닝', '디카페인 커피']"
174,삼선,서울 성북구 동소문동1가 32-3,서울 성북구 동소문로 13 일화빌딩 1층,['070-7209-1546'],07:00~02:00,"['맥딜리버리', '맥모닝', '디카페인 커피']"
175,중계,서울 노원구 중계동 359-14,서울 노원구 중계로 218,['070-7017-0188'],24시간,"['24시간', '맥딜리버리', '맥모닝', '디카페인 커피']"
176,세이브존 광명,경기 광명시 철산동 367,경기 광명시 철망산로 87,['070-7017-0389'],07:00~22:00,"['맥모닝', '디카페인 커피']"
177,세이브존 대전점,대전 서구 둔산동 1809,대전 서구 둔산로 201 (하계동),"['070-7017-0390', '070-7017-0317']",07:00~02:00,"['맥모닝', '주차', '디카페인 커피']"
178,부산대 2,부산 금정구 장전동 302-9,부산 금정구 금정로60번길 24 해자빌딩 1층 맥도날드 부산대2호점,['070-7017-0406'],24시간,"['24시간', '맥딜리버리', '맥모닝', '디카페인 커피']"
179,동아대,부산 사하구 하단동 492-1,부산 사하구 낙동대로 548,['070-7017-0409'],24시간,"['24시간', '맥딜리버리', '맥모닝', '디카페인 커피']"
180,경성대,부산 남구 대연동 72-23,부산 남구 수영로 304 대승타워1층,['070-7017-0411'],09:00~24:00,"['맥모닝', '주차', '디카페인 커피']"
181,중랑,서울 중랑구 상봉동 130-166,서울 중랑구 망우로 202 동성빌딩,['070-7017-0417'],08:00~24:00,"['맥딜리버리', '맥모닝', '디카페인 커피']"
182,목동,서울 양천구 신정동 899-6,서울 양천구 목동로 221,['070-7017-0444'],24시간,"['24시간', '맥딜리버리', '맥모닝', '디카페인 커피']"
183,좌동 1,부산 해운대구 좌동 1407-5,부산 해운대구 좌동순환로 181,['070-7017-0428'],24시간,"['24시간', '맥딜리버리', '맥모닝', '디카페인 커피']"
184,부곡,부산 금정구 부곡동 63-11,부산 금정구 수림로 12 에스케이아파트 상가 맥도날드,['070-7017-0414'],08:00~24:00,"['맥딜리버리', '맥모닝', '디카페인 커피']"
185,신마산,경남 창원시 마산합포구 해운동 5-119,경남 창원시 마산합포구 월영동서로 20,['070-7017-0519'],24시간,"['24시간', '맥딜리버리', '맥모닝', '주차', '디카페인 커피']"
186,안양,경기 안양시 만안구 안양동 674-208,경기 안양시 만안구 안양로292번길 22,['070-7017-0407'],24시간,"['24시간', '맥딜리버리', '맥모닝', '디카페인 커피']"
187,토곡,부산 연제구 연산동 399-10,부산 연제구 과정로 226,['070-7017-0435'],08:00~24:00,"['맥딜리버리', '맥모닝', '디카페인 커피']"
188,동성로 2,대구 중구 사일동 77,대구 중구 동성로 23-2,['070-7017-2436'],08:00~22:00,"['맥딜리버리', '맥모닝', '디카페인 커피']"
189,구의역,서울 광진구 자양동 216-11,서울 광진구 아차산로 376,['070-7017-0439'],24시간,"['24시간', '맥딜리버리', '맥모닝', '디카페인 커피']"
190,광명역점,경기 광명시 광명동 158-792,경기 광명시 광명로 895-1 (광명동),"['070-7017-0440', '070-7017-0044']",24시간,"['24시간', '맥딜리버리', '맥모닝', '디카페인 커피']"
191,화정역,경기 고양시 덕양구 화정동 970-3,경기 고양시 덕양구 화신로272번길 67,['070-7017-0441'],24시간,"['24시간', '맥딜리버리', '맥모닝', '디카페인 커피']"
192,포항 2,경북 포항시 북구 상원동 466-1,경북 포항시 북구 중앙로 291,['070-7017-0449'],10:00~24:00,"['맥딜리버리', '맥모닝', '디카페인 커피']"
193,중계역,서울 노원구 상계동 763-2,서울 노원구 동일로 1341 장우빌딩 1층,['070-7017-0422'],24시간,"['24시간', '맥딜리버리', '맥모닝', '디카페인 커피']"
194,진해,경남 창원시 진해구 화천동 48-15,경남 창원시 진해구 벚꽃로 68-1,['070-7017-0457'],08:00~01:00,"['맥딜리버리', '맥모닝', '디카페인 커피']"
195,대학로,서울 종로구 동숭동 1-34,서울 종로구 대학로 130 맥도날드,['070-7017-0465'],24시간,"['24시간', '맥딜리버리', '맥모닝', '디카페인 커피']"
196,신내,서울 중랑구 신내동 666,서울 중랑구 봉화산로 194 신아타운1층 신내 맥도날드,['070-7017-0531'],24시간,"['24시간', '맥딜리버리', '맥모닝', '주차', '디카페인 커피']"
197,한양대,서울 성동구 행당동 31-7,서울 성동구 왕십리로 227,['070-7017-0469'],24시간,"['24시간', '맥딜리버리', '맥모닝', '디카페인 커피']"
198,See&See,인천 남동구 구월동 1130,인천 남동구 예술로 198,['070-7017-0470'],08:00~24:00,"['맥딜리버리', '맥모닝', '주차', '디카페인 커피']"
199,진주신안,경남 진주시 신안동 582-3,경남 진주시 진양호로 280 (신안동) ,"['070-7017-0472', '070-7017-0680']",08:00~02:00,"['맥딜리버리', '맥모닝']"
200,원동점,부산 동래구 안락동 65-2,부산 동래구 충렬대로 486 (안락동),"['070-7017-0473', '070']",24시간,"['24시간', '맥드라이브', '맥딜리버리', '맥모닝', '주차', '디카페인 커피']"
201,양천구청DT점,서울 양천구 신정동 323-20,서울 양천구 목동동로 71 (신정동) ,"['070-7017-0536', '02-2648-4071']",06:30~01:00,"['맥드라이브', '맥딜리버리', '맥모닝', '주차', '디카페인 커피']"
202,부평역,인천 부평구 부평동 738-21,인천 부평구 광장로 16,['070-7017-0482'],24시간,"['24시간', '맥딜리버리', '맥모닝', '디카페인 커피']"
203,탑동,제주특별자치도 제주시 건입동 1442,제주특별자치도 제주시 임항로 17 (건입동),['070-7017-0487'],07:00~01:00,"['맥딜리버리', '맥모닝', '디카페인 커피']"
204,부평중앙,인천 부평구 부평동 212-65,인천 부평구 부평문화로 65,['070-7017-0488'],08:00~24:00,"['맥모닝', '디카페인 커피']"
205,시화이마트,경기 시흥시 정왕동 1734-2,"경기 시흥시 정왕대로 210 (정왕동, EMART시화점 1층)",['070-7017-0489'],"10:00~22:30
2,4째주 일요일 휴무",['디카페인 커피']
206,청담DT,서울 강남구 청담동 87-3,서울 강남구 도산대로 407,['070-7017-0493'],07:00~24:00,"['맥드라이브', '맥딜리버리', '맥모닝', '주차', '디카페인 커피']"
207,상봉이마트,서울 중랑구 망우동 506-1,서울 중랑구 상봉로 118 이마트상봉점 내 맥도날드,['070-7017-0495'],"10:00~22:30
2,4째주 일요일 휴무",['주차']
208,연신내,서울 은평구 갈현동 456-28,서울 은평구 연서로 213,['070-7017-0498'],24시간,"['24시간', '맥딜리버리', '맥모닝', '디카페인 커피']"
209,상무,광주 서구 치평동 1182,광주 서구 치평로 72,['070-7017-0504'],24시간,"['24시간', '맥드라이브', '맥딜리버리', '맥모닝', '주차', '디카페인 커피']"
210,달동,울산 남구 달동 707-1,울산 남구 신정로 37,['070-7017-0510'],24시간,"['24시간', '맥딜리버리', '맥모닝', '주차', '디카페인 커피']"
211,달맞이 DT,부산 해운대구 중동 1777-5,"부산 해운대구 좌동순환로 455 (중동,맥도날드)",['070-7017-0511'],24시간,"['24시간', '맥드라이브', '맥딜리버리', '맥모닝', '디카페인 커피']"
212,행신,경기 고양시 덕양구 행신동 714-1,경기 고양시 덕양구 충경로 38,['070-7017-0516'],24시간,"['24시간', '맥딜리버리', '맥모닝', '디카페인 커피']"
213,방촌 DT,대구 동구 방촌동 883-9,대구 동구 동촌로 243,"['070-7017-0520', '070-7017-0820']",07:00~24:00,"['맥드라이브', '맥딜리버리', '맥모닝', '주차', '디카페인 커피']"
214,시청 DT,부산 연제구 연산동 1364-2,부산 연제구 중앙대로 1031 (연산동),['070-7017-0521'],24시간,"['24시간', '맥드라이브', '맥딜리버리', '맥모닝', '주차', '디카페인 커피']"
215,파리공원점,서울 양천구 목동 908-25,서울 양천구 목동서로 45 (목동) ,"['070-7017-0522', '070-7017-0513']",07:00~01:00,"['맥드라이브', '맥딜리버리', '맥모닝', '주차']"
216,고양DT,경기 고양시 덕양구 벽제동 262-1,경기 고양시 덕양구 호국로 1699,['070-7017-0532'],24시간,"['24시간', '맥드라이브', '맥딜리버리', '맥모닝', '주차', '디카페인 커피']"
217,탄현점,경기 고양시 일산서구 탄현동 1573-1,경기 고양시 일산서구 일현로 56 (탄현동) ,"['070-7017-0534', '070-7017-0594']",08:00~02:00,"['맥딜리버리', '맥모닝', '주차']"
218,칠곡 2 DT,대구 북구 읍내동 1385-2,대구 북구 구암로 83,['070-7017-0537'],07:00~24:00,"['맥드라이브', '맥딜리버리', '맥모닝', '주차', '디카페인 커피']"
219,강동구청,서울 강동구 성내동 539-2,서울 강동구 성내로 15 삼육빌딩1층,"['070-7017-0528', '070-7017-0538']",24시간,"['24시간', '맥딜리버리', '맥모닝', '디카페인 커피']"
220,덕소,경기 남양주시 와부읍 덕소리 474-5,경기 남양주시 와부읍 덕소로 93 희빌딩 1층,['070-7017-0542'],24시간,"['24시간', '맥딜리버리', '맥모닝', '디카페인 커피']"
221,시흥은행,경기 시흥시 은행동 532-1,경기 시흥시 대은로 90,['070-7017-0547'],24시간,"['24시간', '맥딜리버리', '맥모닝', '디카페인 커피']"
222,전농,서울 동대문구 전농동 295-96,서울 동대문구 전농로16길 8,['070-7017-0548'],08:00~24:00,"['맥딜리버리', '맥모닝', '디카페인 커피']"
223,만촌이마트,대구 수성구 만촌동 1356-5,대구 수성구 동원로 136 이마트만촌점,['070-7017-0549'],"10:00~22:30
2,4 째주 일요일 휴무",['디카페인 커피']
224,송탄,경기 평택시 신장동 302-1,경기 평택시 쇼핑로 13,['070-7017-0551'],08:00~24:00,"['맥딜리버리', '맥모닝', '디카페인 커피']"
225,화명 DT,부산 북구 화명동 193-1,부산 북구 금곡대로 360,"['070-7017-0552', '070-7017-0252']",24시간,"['24시간', '맥드라이브', '맥딜리버리', '맥모닝', '주차', '디카페인 커피']"
226,군산이마트,전북 군산시 경암동 590-296,전북 군산시 구암3.1로 137,['070-7017-0559'],"10:00~23:00
2,4째주 일요일 휴무","['주차', '디카페인 커피']"
227,연수LG DT점,인천 연수구 연수동 597,인천 연수구 먼우금로 200 (연수동) ,['070-7017-0560'],24시간,"['24시간', '맥드라이브', '맥모닝', '주차']"
228,용인점,경기 용인시 처인구 김량장동 131-17,경기 용인시 처인구 금령로 97 (김량장동) ,['070-7209-1388'],09:00~01:00,"['맥모닝', '디카페인 커피']"
229,이마트 월배점,대구 달서구 대천동 555,대구 달서구 진천로 92,['070-7017-0564'],"10:00~22:30
2,4째주 일요일 휴무","['주차', '디카페인 커피']"
230,중동DT점,경기 부천시 중동 1142-9,경기 부천시 중동로262번길 94 (중동) ,"['070-7017-0565', '070-7017-0598']",24시간,"['24시간', '맥드라이브', '맥딜리버리', '맥모닝', '디카페인 커피']"
231,과천이마트,경기 과천시 별양동 1-19,경기 과천시 별양상가3로 11 1층,['070-7017-0566'],24시간,"['24시간', '맥딜리버리', '맥모닝', '주차', '디카페인 커피']"
232,평촌호계점,경기 안양시 동안구 호계동 1058-3,경기 안양시 동안구 평촌대로 137 (호계동) ,['070-7209-1394'],08:00~01:00,"['맥딜리버리', '맥모닝', '주차', '디카페인 커피']"
233,원광대,전북 익산시 신동 762-17,전북 익산시 무왕로 888,['070-7017-0571'],09:00~03:00,"['맥딜리버리', '맥모닝']"
234,가야,부산 부산진구 가야동 50-4,부산 부산진구 가야대로 607,['070-7017-0574'],08:00~24:00,"['맥딜리버리', '맥모닝', '디카페인 커피']"
235,송정역,서울 강서구 공항동 45-38,"서울 강서구 공항대로 21 (공항동,맥도날드)",['070-7017-0576'],24시간,"['24시간', '맥딜리버리', '맥모닝', '디카페인 커피']"
236,구미형곡점,경북 구미시 형곡동 146-9,경북 구미시 형곡중앙로 31 (형곡동),"['070-7017-0577', '070-7017-0645']",08:00~24:00,"['맥드라이브', '맥딜리버리', '맥모닝', '주차', '디카페인 커피']"
237,철산역점,경기 광명시 철산동 404,경기 광명시 오리로856번길 17 (철산동) ,"['070-7017-0580', '070-7017-0590']",24시간,"['24시간', '맥딜리버리', '맥모닝', '디카페인 커피']"
238,신천,서울 송파구 잠실동 181-9,서울 송파구 올림픽로 108 맥스빌딩 1층,['070-7017-0582'],24시간,"['24시간', '맥딜리버리', '맥모닝', '디카페인 커피']"
239,만덕 DT,부산 북구 만덕동 759-3,부산 북구 덕천로 179,['070-7017-0583'],24시간,"['24시간', '맥드라이브', '맥딜리버리', '맥모닝', '주차', '디카페인 커피']"
240,신흥DT점,인천 중구 신흥동3가 7-227,인천 중구 인항로 38 (신흥동3가) ,"['070-7017-0600', '070-7017-0651']",24시간,"['24시간', '맥드라이브', '맥딜리버리', '맥모닝', '주차']"
241,정발산,경기 고양시 일산동구 장항동 770-2,경기 고양시 일산동구 중앙로1275번길 38-5 이레21빌딩,['070-7017-0603'],24시간,"['24시간', '맥딜리버리', '맥모닝', '디카페인 커피']"
242,이마트 포항점,경북 포항시 남구 인덕동 161-176,경북 포항시 남구 냉천로 10 (인덕동) ,['070-7017-0611'],10:00~22:30,"['주차', '디카페인 커피']"
243,의정부GS DT점,경기 의정부시 호원동 435,경기 의정부시 평화로 315 (호원동) ,"['070-7017-0615', '070-7017-7315']",08:00~24:00,"['맥드라이브', '맥딜리버리', '맥모닝', '주차', '디카페인 커피']"
244,여수이마트,전남 여수시 오림동 405-1,전남 여수시 좌수영로 277 이마트내 1층 맥도날드,['070-7017-0618'],"10:00~23:00 2,4째주 일요일 휴무",['디카페인 커피']
245,가락DT점,서울 송파구 가락동 193-7,서울 송파구 동남로 196,"['070-7017-0622', '070-7017-0613']",07:00~24:00,"['맥드라이브', '맥딜리버리', '맥모닝', '주차']"
246,구리토평점,경기 구리시 수택동 874-5,경기 구리시 장자대로 84,['070-7017-0626'],07:00~24:00,"['맥모닝', '주차', '디카페인 커피']"
247,구산,서울 은평구 구산동 1-14,서울 은평구 연서로 131 홍천빌딩,['070-7017-0638'],24시간,"['24시간', '맥딜리버리', '맥모닝', '디카페인 커피']"
248,용산 DT,대구 달서구 용산동 934,대구 달서구 용산로 222 (용산동),"['070-7017-0628', '070']",08:00~24:00,"['맥드라이브', '맥딜리버리', '맥모닝', '디카페인 커피']"
249,강릉,강원 강릉시 임당동 86,강원 강릉시 경강로 2097,['070-7017-0632'],24시간,"['24시간', '맥딜리버리', '맥모닝', '디카페인 커피']"
250,용인수지점,경기 용인시 수지구 풍덕천동 1078,경기 용인시 수지구 풍덕천로 119 (풍덕천동),['070-7209-1420'],08:00~22:00,"['맥딜리버리', '맥모닝', '주차']"
251,창원이마트,경남 창원시 성산구 중앙동 91,경남 창원시 성산구 원이대로 608,['070-7017-0640'],"10:00~24:00 2,4째주 일요일 휴무",['디카페인 커피']
252,메가마트 남천점,부산 수영구 남천동 545-2,부산 수영구 황령대로 521 (남천동),['070-7017-3503'],"10:00~22:00 2,4째주 일요일 휴무","['맥딜리버리', '맥모닝', '주차']"
253,울산옥현,울산 남구 무거동 487-1,울산 남구 옥현로58번길 4,['070-7017-0647'],24시간,"['24시간', '맥딜리버리', '맥모닝', '디카페인 커피']"
254,분당효자점,경기 성남시 분당구 서현동 305-2,경기 성남시 분당구 불정로 379 (서현동),['031-703-4048'],07:00~01:00,"['맥딜리버리', '맥모닝', '주차']"
255,종암SK,서울 성북구 종암동 10-15,서울 성북구 종암로 58,['070-7017-0661'],24시간,"['24시간', '맥드라이브', '맥딜리버리', '맥모닝', '디카페인 커피']"
256,연수이마트,인천 연수구 동춘동 926-9,인천 연수구 경원대로 184,['070-7017-0665'],"10:00~22:30
2,4째주 일요일 휴무","['맥딜리버리', '디카페인 커피']"
257,홈플러스 상동점,경기 부천시 상동 540-1,경기 부천시 길주로 118 (상동),['070-7017-2761'],"10:00~23:30
2,4째주 일요일 휴무",['주차']
258,서울역,서울 용산구 동자동 43-205,서울 용산구 청파로 378 서울역 2층,['070-7017-0671'],04:30~01:00,"['맥모닝', '디카페인 커피']"
259,대전타임월드점,대전 서구 둔산동 1011,대전 서구 둔산로31번길 16 (둔산동),['070-7017-0672'],07:00~24:00,"['맥드라이브', '맥딜리버리', '맥모닝', '주차']"
260,포천DT,경기 포천시 설운동 13-7,경기 포천시 호국로 894,['070-7017-0674'],24시간,"['24시간', '맥드라이브', '맥모닝', '주차', '디카페인 커피']"
261,수원화성DT,경기 수원시 팔달구 우만동 490-4,경기 수원시 팔달구 경수대로 676,"['070-7017-0670', '070-7017-0460']",24시간,"['24시간', '맥드라이브', '맥딜리버리', '맥모닝', '주차', '디카페인 커피']"
262,신도림 테크노점,서울 구로구 구로동 3-25,서울 구로구 새말로 97 (구로동),['02-2111-1377'],08:00~21:00,"['맥모닝', '주차']"
263,양산DT점,경남 양산시 동면 석산리 1421-9,경남 양산시 동면 남양산길 7,"['070-7017-0378', '070-7017-0369']",24시간,"['24시간', '맥드라이브', '맥딜리버리', '맥모닝', '주차']"
264,창원시티7,경남 창원시 의창구 대원동 121,경남 창원시 의창구 원이대로 320 더시티세븐몰 W-103 맥도날드,['070-7017-0595'],24시간,"['24시간', '맥딜리버리', '맥모닝', '주차', '디카페인 커피']"
265,연희 DT,인천 서구 심곡동 255-2,인천 서구 서곶로 265,['070-7017-0599'],24시간,"['24시간', '맥드라이브', '맥딜리버리', '맥모닝', '주차', '디카페인 커피']"
266,양재,서울 서초구 양재동 24,서울 서초구 강남대로 213,['070-7017-0326'],24시간,"['24시간', '맥딜리버리', '맥모닝', '디카페인 커피']"
267,평택 세교DT점,경기 평택시 세교동 277-10,경기 평택시 경기대로 570 (세교동) ,"['070-7017-0301', '070-7017-1401']",24시간,"['24시간', '맥드라이브', '맥딜리버리', '맥모닝', '주차', '디카페인 커피']"
268,성수이마트,서울 성동구 성수동2가 333-16,서울 성동구 뚝섬로 379,['070-7017-0304'],"10:00~22:00 2,4째주 일요일 휴무","['주차', '디카페인 커피']"
269,오산DT점,경기 오산시 원동 372-5,경기 오산시 경기대로 170,['070-7017-0690'],24시간,"['24시간', '맥드라이브', '맥딜리버리', '맥모닝', '주차', '디카페인 커피']"
270,용봉DT,광주 북구 용봉동 1130-8,광주 북구 설죽로 283,['070-7017-3420'],24시간,"['24시간', '맥드라이브', '맥딜리버리', '맥모닝', '주차', '디카페인 커피']"
271,쌍문DT점,서울 도봉구 쌍문동 700,서울 도봉구 도봉로 541 (쌍문동) ,"['070-7017-0084', '02-907-7005']",07:00~02:00,"['맥드라이브', '맥딜리버리', '맥모닝', '주차']"
272,서초뱅뱅,서울 서초구 서초동 1338-20,"서울 서초구 강남대로 305, 101호(서초 현대렉시온)",['070-7017-1389'],24시간,"['24시간', '맥딜리버리', '맥모닝', '디카페인 커피']"
273,압구정CGV,서울 강남구 신사동 603-2,서울 강남구 논현로 848 1층 맥도날드,['070-7017-3350'],08:00~24:00,"['맥드라이브', '맥딜리버리', '맥모닝', '디카페인 커피']"
274,은평이마트,서울 은평구 응암동 90-1,서울 은평구 은평로 111 은평이마트 8층 맥도날드,['070-7017-0604'],"10:00~22:00 2,4째주 일요일 휴무",['디카페인 커피']
275,울산SK점,울산 남구 달동 819,울산 남구 중앙로 126 (달동) ,['070-7209-1647'],24시간,"['24시간', '맥드라이브', '맥딜리버리', '맥모닝', '주차', '디카페인 커피']"
276,제주노형 DT,제주특별자치도 제주시 노형동 903-5,제주특별자치도 제주시 노연로 7,['070-7017-0404'],07:00~01:00,"['맥드라이브', '맥딜리버리', '맥모닝', '주차', '디카페인 커피']"
277,종로 3,서울 종로구 종로3가 10,서울 종로구 종로 115,['070-7017-0434'],07:00~24:00,"['맥딜리버리', '맥모닝', '디카페인 커피']"
278,거제,경남 거제시 장평동 1211,경남 거제시 장평로 12 디큐브백화점 1층,['070-7017-1397'],24시간,"['24시간', '맥딜리버리', '맥모닝', '디카페인 커피']"
279,안성점,경기 안성시 대천동 64,경기 안성시 중앙로389번길 6 (대천동) ,"['070-7017-0034', '070-7017-0036']",08:00~02:00,"['맥딜리버리', '맥모닝']"
280,구로디지털,서울 구로구 구로동 197-21,서울 구로구 디지털로31길 12 태평양물산 1층 맥도날드,['070-7017-0654'],24시간,"['24시간', '맥딜리버리', '맥모닝', '디카페인 커피']"
281,웅상DT,경남 양산시 삼호동 1016-9,경남 양산시 웅상대로 1259,"['070-7017-0679', '070-7017-0609']",24시간,"['24시간', '맥드라이브', '맥딜리버리', '맥모닝', '디카페인 커피']"
282,동탄SK점,경기 화성시 능동 1051-1,경기 화성시 효행로 1260 (능동),"['031-8003-3200', '070-7017-0156']",08:00~23:00,"['맥드라이브', '맥딜리버리', '맥모닝', '주차']"
283,전주중화산점,전북 전주시 완산구 중화산동2가 648-11,전북 전주시 완산구 백제대로 238 (중화산동2가) ,"['070-7017-4024', '070-7017-1402']",24시간,"['24시간', '맥드라이브', '맥모닝', '주차']"
284,명동,서울 중구 명동1가 48-2,서울 중구 명동7길 8,['070-7017-6404'],07:00~24:00,"['맥모닝', '디카페인 커피']"
285,서초GS점,서울 서초구 서초동 1536-1,서울 서초구 효령로49길 52 (서초동) ,"['070-7017-4003', '070-7017-2404']",07:00~24:00,"['맥드라이브', '맥딜리버리', '맥모닝', '주차']"
286,마산신포DT,경남 창원시 마산합포구 신포동1가 25-1,경남 창원시 마산합포구 서성로 8,['070-7209-1460'],24시간,"['24시간', '맥드라이브', '맥딜리버리', '맥모닝', '주차', '디카페인 커피']"
287,천안두정 DT점,충남 천안시 서북구 두정동 620,충남 천안시 서북구 동서대로 49 (두정동) ,"['070-7017-0585', '070-7017-4080']",24시간,"['24시간', '맥드라이브', '맥딜리버리', '맥모닝', '주차', '디카페인 커피']"
288,선릉,서울 강남구 역삼동 707-27,서울 강남구 테헤란로 326 아이타워 1층 맥도날드,['070-7017-4081'],08:00~24:00,"['맥딜리버리', '맥모닝', '디카페인 커피']"
289,한티역,서울 강남구 대치동 938-22,서울 강남구 도곡로 409,['070-7017-1409'],24시간,"['24시간', '맥딜리버리', '맥모닝', '디카페인 커피']"
290,대구시지DT점,대구 수성구 매호동 1087-1,대구 수성구 달구벌대로 3199 (매호동),"['070-7017-4410', '070-7017-4110']",07:00~01:00,"['맥드라이브', '맥딜리버리', '맥모닝', '주차', '디카페인 커피']"
291,용인휴게소,경기 용인시 처인구 고림동 12-6,경기 용인시 처인구 주북로94번길 30-1 용인휴게소,['070-7209-1466'],24시간,"['24시간', '디카페인 커피']"
292,의정부녹양DT점,경기 의정부시 가능동 106-1,경기 의정부시 서부로 717 (가능동) ,['070-7017-1412'],07:00~01:00,"['맥드라이브', '맥딜리버리', '맥모닝', '주차', '디카페인 커피']"
293,목포석현DT,전남 목포시 석현동 816-85,전남 목포시 영산로 577,['070-7017-7413'],24시간,"['24시간', '맥드라이브', '맥딜리버리', '맥모닝', '주차', '디카페인 커피']"
294,속초DT,강원 속초시 조양동 636-53,강원 속초시 동해대로 4118,['070-7017-2414'],24시간,"['24시간', '맥드라이브', '맥딜리버리', '맥모닝', '주차', '디카페인 커피']"
295,대구평리DT점,대구 서구 평리동 1407-1,대구 서구 서대구로 95 (평리동),"['070-7209-1666', '070-7209-1470']",07:00~24:00,"['맥드라이브', '맥딜리버리', '맥모닝', '주차', '디카페인 커피']"
296,북수원DT점,경기 수원시 장안구 송죽동 451-1,경기 수원시 장안구 경수대로 991 (송죽동),"['070-7017-1416', '070-7017-4416']",07:00~01:00,"['맥드라이브', '맥딜리버리', '맥모닝', '주차']"
297,중앙대,서울 동작구 흑석동 221,서울 동작구 흑석로 84 (R&D센터 지하1층 맥도날드),['070-7017-1417'],08:00~01:00,"['맥딜리버리', '맥모닝', '주차', '디카페인 커피']"
298,대구 침산DT,대구 북구 침산동 244-1,대구 북구 침산로 120,"['070-7017-7418', '070-7017-2418']",07:00~24:00,"['맥드라이브', '맥딜리버리', '맥모닝', '주차', '디카페인 커피']"
299,대전한남대DT점,대전 대덕구 중리동 230-15,대전 대덕구 한밭대로 1102 (중리동),['070-7209-1474'],24시간,"['24시간', '맥드라이브', '맥딜리버리', '맥모닝', '주차', '디카페인 커피']"
300,대구희망DT점,대구 수성구 중동 70-10,대구 수성구 수성로 238 (중동),"['070-7017-4420', '070-7017-5420']",07:00~01:00,"['맥드라이브', '맥딜리버리', '맥모닝', '주차']"
301,원주단구DT점,강원 원주시 단구동 1026-16,강원 원주시 서원대로 426 (단구동) ,"['070-7017-0421', '070-7017-2421']",07:00~01:00,"['맥드라이브', '맥딜리버리', '맥모닝', '주차', '디카페인 커피']"
302,공덕점,서울 마포구 도화동 559,서울 마포구 마포대로 53 (도화동),"['070-7017-3422', '070-7017-4422']",07:00~01:00,"['맥딜리버리', '맥모닝']"
303,신도림 디큐브,서울 구로구 신도림동 692,서울 구로구 경인로 662 디큐브시티 B2,['070-7017-2423'],07:00~23:00,"['맥모닝', '디카페인 커피']"
304,청주분평DT,충북 청주시 서원구 분평동 241-4,충북 청주시 서원구 청남로 1991,['070-7017-3424'],24시간,"['24시간', '맥드라이브', '맥딜리버리', '맥모닝', '주차', '디카페인 커피']"
305,옥포 SK DT,경남 거제시 옥포동 551-1,경남 거제시 거제대로 3714 (옥포동),['070-7209-1480'],24시간,"['24시간', '맥드라이브', '맥딜리버리', '맥모닝', '주차', '디카페인 커피']"
306,포항장성DT점,경북 포항시 북구 장성동 1576-5,경북 포항시 북구 새천년대로 1261 (장성동) ,"['070-7017-0426', '070-7017-2426']",07:00~24:00,"['맥드라이브', '맥딜리버리', '맥모닝', '주차', '디카페인 커피']"
307,양주덕계DT,경기 양주시 덕계동 495-8,경기 양주시 평화로 1511,['070-7017-2427'],24시간,"['24시간', '맥드라이브', '맥딜리버리', '맥모닝', '주차', '디카페인 커피']"
308,구월DT점,인천 남동구 구월동 1120-16,인천 남동구 인주대로 514 (구월동),"['070-7017-2428', '070-7017-4428']",24시간,"['24시간', '맥드라이브', '맥딜리버리', '맥모닝', '주차']"
309,이수점,서울 동작구 사당동 147-29,서울 동작구 사당로 300 (사당동) ,"['070-7017-2429', '070-7017-1429']",07:00~24:00,"['맥모닝', '주차']"
310,대전 센트럴 DT점,대전 중구 대흥동 522-1,대전 중구 중앙로 64,"['070-7017-1430', '070-7017-2430']",08:00~24:00,"['맥드라이브', '맥딜리버리', '맥모닝', '주차', '디카페인 커피']"
311,대전터미널점,대전 동구 용전동 63-3,대전 동구 동서대로 1689 (용전동),"['070-7017-6431', '070-7017-0431']",07:00~24:00,"['맥딜리버리', '맥모닝', '주차']"
312,진주칠암 DT,경남 진주시 주약동 94-1,경남 진주시 진주대로 838,['070-7017-2432'],24시간,"['24시간', '맥드라이브', '맥딜리버리', '맥모닝', '주차', '디카페인 커피']"
313,가산비지니스센터점,서울 금천구 가산동 371-6,서울 금천구 가산디지털1로 165 (가산동),"['070-7017-2433', '070-7017-4433']",7:30~22:00,"['맥딜리버리', '맥모닝', '주차', '디카페인 커피']"
314,포항남부DT점,경북 포항시 남구 대잠동 915,경북 포항시 남구 새천년대로 470 (대잠동) ,"['070-7017-4434', '070-7017-7434']",07:00~24:00,"['맥드라이브', '맥딜리버리', '맥모닝', '주차', '디카페인 커피']"
315,김해삼정 DT,경남 김해시 삼정동 616-3,경남 김해시 김해대로 2471,['070-7017-2435'],24시간,"['24시간', '맥드라이브', '맥딜리버리', '맥모닝', '주차', '디카페인 커피']"
316,안양 비산 DT점,경기 안양시 동안구 비산동 576-13,경기 안양시 동안구 경수대로 839 (비산동) ,"['070-7017-4436', '070-7017-1436']",07:00~01:00,"['맥드라이브', '맥딜리버리', '맥모닝', '주차']"
317,대전가장DT,대전 서구 가장동 54-1,대전 서구 도산로 324,['070-7017-6437'],24시간,"['24시간', '맥드라이브', '맥딜리버리', '맥모닝', '주차', '디카페인 커피']"
318,충주교현 DT,충북 충주시 교현동 624-1,충북 충주시 국원대로 87,['070-7017-6438'],24시간,"['24시간', '맥드라이브', '맥딜리버리', '맥모닝', '주차', '디카페인 커피']"
319,의정부금오DT점,경기 의정부시 금오동 99-6,경기 의정부시 호국로 1604 (금오동) ,"['070-7017-6439', '070-7017-7439']",07:00~01:00,"['맥드라이브', '맥딜리버리', '맥모닝', '주차']"
320,김포고촌SK DT점,경기 김포시 고촌읍 신곡리 532-25,경기 김포시 고촌읍 김포대로 336,"['070-7017-1442', '070-7017-7442']",07:00~24:00,"['맥드라이브', '맥딜리버리', '맥모닝', '주차']"
321,울산호계 SK,울산 북구 신천동 452-1,울산 북구 산업로 1448,"['070-7017-1443', '070-7017-7443']",24시간,"['24시간', '맥드라이브', '맥딜리버리', '맥모닝', '주차', '디카페인 커피']"
322,평택서정 DT점,경기 평택시 서정동 779-5,경기 평택시 경기대로 1395 (서정동) ,"['070-7209-1495', '070-7209-1693']",07:00~01:00,"['맥드라이브', '맥딜리버리', '맥모닝', '주차', '디카페인 커피']"
323,제주시청 DT,제주특별자치도 제주시 이도이동 1057-2,제주특별자치도 제주시 중앙로 277,['070-7017-2445'],24시간,"['24시간', '맥드라이브', '맥딜리버리', '맥모닝', '주차', '디카페인 커피']"
324,양재 SK DT,서울 서초구 양재동 81,서울 서초구 바우뫼로 178,"['070-7017-1446', '070']",24시간,"['24시간', '맥드라이브', '맥딜리버리', '맥모닝', '디카페인 커피']"
325,용인마북 DT,경기 용인시 기흥구 마북동 552-4,경기 용인시 기흥구 용구대로 2420,['070-7017-1447'],24시간,"['24시간', '맥드라이브', '맥딜리버리', '맥모닝', '주차', '디카페인 커피']"
326,가산디지털,서울 금천구 가산동 50-3,서울 금천구 벚꽃로 298 대륭포스트타워 6차,['070-7017-2448'],08:00~24:00,"['맥딜리버리', '맥모닝', '디카페인 커피']"
327,명동 2호점,서울 중구 회현동3가 1-5,서울 중구 퇴계로 116-1 (회현동 3가),"['070-7017-1449', '070-7017-2449']","10:30~22:00
일요일,공휴일:12:00~21:00","['맥딜리버리', '맥모닝']"
328,천안 쌍용역 DT점,충남 천안시 서북구 쌍용동 394-10,충남 천안시 서북구 충무로 166 (쌍용동),"['070-7017-1450', '070-7017-5450']",08:00~01:00,"['맥드라이브', '맥딜리버리', '맥모닝', '주차']"
329,광주동림DT,광주 북구 동림동 900-41,광주 북구 하남대로 635,['070-7017-2451'],24시간,"['24시간', '맥드라이브', '맥딜리버리', '맥모닝', '주차', '디카페인 커피']"
330,어린이대공원점,서울 광진구 화양동 212,서울 광진구 광나루로 392,"['070-7017-2452', '070-7017-7452']",09:00~02:00,['디카페인 커피']
331,강남구청,서울 강남구 논현동 242-29,서울 강남구 선릉로 667,['070-7017-4547'],24시간,"['24시간', '맥딜리버리', '맥모닝', '디카페인 커피']"
332,전주송천 DT,전북 전주시 덕진구 송천동2가 527,전북 전주시 덕진구 송천중앙로 200,"['070-7017-4551', '070-7017-4553']",24시간,"['24시간', '맥드라이브', '맥딜리버리', '맥모닝', '주차', '디카페인 커피']"
333,포항북부 DT,경북 포항시 북구 두호동 724,경북 포항시 북구 삼호로 202,['070-7017-1456'],07:00~24:00,"['맥드라이브', '맥딜리버리', '맥모닝', '주차', '디카페인 커피']"
334,범일 SK DT,부산 동구 범일동 828-8,부산 동구 자성로 127,['070-7017-0458'],24시간,"['24시간', '맥드라이브', '맥딜리버리', '맥모닝', '주차', '디카페인 커피']"
335,울산삼산DT,울산 남구 삼산동 1550-7,울산 남구 화합로 201,['070-7017-1459'],24시간,"['24시간', '맥드라이브', '맥딜리버리', '맥모닝', '주차', '디카페인 커피']"
336,여의도,서울 영등포구 여의도동 23,서울 영등포구 국제금융로 10 L3층,['070-7017-1460'],07:00~23:00,"['맥모닝', '주차', '디카페인 커피']"
337,수원GS DT,경기 수원시 권선구 권선동 1029,경기 수원시 권선구 권선로 684,['070-7017-4461'],24시간,"['24시간', '맥드라이브', '맥딜리버리', '맥모닝', '주차', '디카페인 커피']"
338,중산DT점,경기 고양시 일산동구 중산동 1667-5,경기 고양시 일산동구 고양대로 745 (중산동) ,"['070-7017-0462', '070-7013-4462']",07:00~01:00,"['맥드라이브', '맥모닝', '주차']"
339,대구진천DT점,대구 달서구 진천동 608-6,대구 달서구 월배로 67 (진천동),['070-7209-1511'],07:00~01:00,"['맥드라이브', '맥딜리버리', '맥모닝', '주차']"
340,광주첨단DT점,광주 북구 용두동 311-15,광주 북구 임방울대로 1048 (용두동),"['070-7017-6465', '070-7017-6964']",07:00~02:00,"['맥드라이브', '맥딜리버리', '맥모닝', '주차']"
341,합정메세나폴리스,서울 마포구 서교동 490,서울 마포구 양화로 45 메세나폴리스 2층 맥도날드,['070-7017-0466'],"일~목 07:00~24:00, 금~토 7:00~01:00","['맥딜리버리', '맥모닝', '디카페인 커피']"
342,대구 모다 DT점,대구 달서구 호산동 720-2,대구 달서구 달서대로 455,['070-7017-6467'],08:00~24:00,"['맥드라이브', '맥딜리버리', '맥모닝', '주차', '디카페인 커피']"
343,울산 병영,울산 중구 남외동 441-2,울산 중구 번영로 576,['070-7017-4468'],08:00~24:00,"['맥딜리버리', '맥모닝', '디카페인 커피']"
344,인천구산 DT,인천 부평구 구산동 1-4,인천 부평구 경인로 1191,['070-7017-6470'],24시간,"['24시간', '맥드라이브', '맥딜리버리', '맥모닝', '주차', '디카페인 커피']"
345,삼성역,서울 강남구 삼성동 158-15,서울 강남구 삼성로92길 29 도일빌딩 1층,['070-7017-6471'],24시간,"['24시간', '맥딜리버리', '맥모닝', '디카페인 커피']"
346,부평SK DT,인천 부평구 부평동 440-2,인천 부평구 부평대로 96,['070-7017-6472'],24시간,"['24시간', '맥드라이브', '맥딜리버리', '맥모닝', '주차', '디카페인 커피']"
347,창원상남,경남 창원시 성산구 상남동 35-1,"경남 창원시 성산구 단정로 22, 1층",['070-7017-6473'],24시간,"['24시간', '맥딜리버리', '맥모닝', '디카페인 커피']"
348,용인수지DT,경기 용인시 수지구 풍덕천동 43-5,경기 용인시 수지구 신수로 677,['070-7017-6474'],24시간,"['24시간', '맥드라이브', '맥딜리버리', '맥모닝', '주차', '디카페인 커피']"
349,연세대점,서울 서대문구 창천동 33-12,서울 서대문구 연세로 33,['070-7017-6475'],24시간,"['24시간', '맥딜리버리', '맥모닝', '디카페인 커피']"
350,신월남부 DT점,서울 양천구 신월동 525-1,서울 양천구 남부순환로 553 (신월동) ,"['070-7017-6917', '070-7017-6772']",07:00~01:00,"['맥드라이브', '맥딜리버리', '맥모닝', '주차']"
351,김해삼계 DT,경남 김해시 삼계동 1460-5,경남 김해시 가야로 167,['070-7017-6782'],24시간,"['24시간', '맥드라이브', '맥딜리버리', '맥모닝', '주차', '디카페인 커피']"
352,광주운암DT,광주 북구 운암동 1078-2,광주 북구 북문대로187번길 2,['070-7017-6790'],07:00~02:00,"['맥드라이브', '맥딜리버리', '맥모닝', '주차', '디카페인 커피']"
353,사천DT,경남 사천시 사천읍 수석리 320-11,경남 사천시 사천읍 사천대로 1838,['070-7017-6480'],07:00~24:00,"['맥드라이브', '맥딜리버리', '맥모닝', '주차', '디카페인 커피']"
354,광주쌍촌 DT,광주 서구 쌍촌동 964-9,광주 서구 상무대로 921-1,['070-7017-6781'],24시간,"['24시간', '맥드라이브', '맥딜리버리', '맥모닝', '주차', '디카페인 커피']"
355,안산점,경기 안산시 단원구 고잔동 536,경기 안산시 단원구 당곡로 12 (고잔동) ,"['070-7017-6482', '070-7017-6982']",08:00~01:00,"['맥딜리버리', '맥모닝', '주차']"
356,야탑 뉴코아,경기 성남시 분당구 야탑동 357-1,경기 성남시 분당구 야탑로81번길 11 (야탑동) ,"['031-781-0970', '031']",07:00~21:00,"['맥딜리버리', '맥모닝', '주차']"
357,청주성화,충북 청주시 서원구 성화동 721,충북 청주시 서원구 서부로 1344,['070-7017-6485'],08:00~24:00,"['맥딜리버리', '맥모닝', '디카페인 커피']"
358,초읍DT점,부산 부산진구 초읍동 171-6,부산 부산진구 성지로 152 (초읍동) ,"['070-7017-6487', '070-7017-6892']",07:00~01:00,"['맥드라이브', '맥딜리버리', '맥모닝', '주차']"
359,부산 교대 DT점,부산 연제구 거제동 1-1,부산 연제구 중앙대로 1179 (거제동),"['070-7017-6488', '070-7017-6888']",07:00~01:00,"['맥드라이브', '맥딜리버리', '맥모닝', '주차']"
360,마두역점,경기 고양시 일산동구 마두동 798-6,경기 고양시 일산동구 중앙로 1190 (마두동),"['070-7017-6489', '070-7017-6884']",07:00~23:00,"['맥딜리버리', '맥모닝']"
361,경주황남 DT,경북 경주시 노서동 169-4,경북 경주시 태종로 701,['070-7017-6490'],07:00~24:00,"['맥드라이브', '맥딜리버리', '맥모닝', '주차', '디카페인 커피']"
362,동수원GS DT,경기 수원시 영통구 이의동 422-5,경기 수원시 영통구 창룡대로 370-1,['070-7017-6491'],24시간,"['24시간', '맥드라이브', '맥딜리버리', '맥모닝', '주차', '디카페인 커피']"
363,오리역점,경기 성남시 분당구 구미동 157,경기 성남시 분당구 성남대로 45 (구미동),"['070-7017-6492', '070-7017-6891']",08:00~01:00,"['맥딜리버리', '맥모닝', '주차']"
364,의정부역,경기 의정부시 의정부동 194-10,경기 의정부시 행복로 11,['070-7017-6493'],24시간,"['24시간', '맥딜리버리', '맥모닝', '디카페인 커피']"
365,원주 단계 DT점,강원 원주시 단계동 879-1,강원 원주시 서원대로 154 (단계동) ,"['070-7017-6494', '070-7017-6921']",07:00~01:00,"['맥드라이브', '맥딜리버리', '맥모닝', '주차']"
366,평택 GS,경기 평택시 용이동 470-5,경기 평택시 서동대로 3929,['070-7017-6495'],24시간,"['24시간', '맥드라이브', '맥딜리버리', '맥모닝', '주차', '디카페인 커피']"
367,진접DT,경기 남양주시 진접읍 장현리 218,경기 남양주시 진접읍 금강로 1467,['070-7017-6496'],24시간,"['24시간', '맥드라이브', '맥딜리버리', '맥모닝', '주차', '디카페인 커피']"
368,부산온천 SK DT,부산 동래구 온천동 1431-4,부산 동래구 충렬대로 121,"['070-7017-6497', '070-7017-6947']",24시간,"['24시간', '맥드라이브', '맥딜리버리', '맥모닝', '주차', '디카페인 커피']"
369,마장휴게소점,경기 이천시 마장면 목리 산 13-32,경기 이천시 마장면 중부고속도로 82,['070-7017-6499'],24시간,"['24시간', '주차', '디카페인 커피']"
370,산본이마트,경기 군포시 산본동 1123,경기 군포시 산본로 347 이마트 내 3층,['070-7017-6501'],"10:00~22:00 2,4째주 일요일 휴무",['디카페인 커피']
371,대구황금DT점,대구 수성구 황금동 567-11,대구 수성구 청수로 157 (황금동),"['070-7017-6502', '070-7017-6992']",24시간,"['24시간', '맥드라이브', '맥딜리버리', '맥모닝', '주차', '디카페인 커피']"
372,제주서귀포DT,제주특별자치도 서귀포시 서귀동 284-29,제주특별자치도 서귀포시 일주동로 8665 (서귀동),"['070-7017-6995', '070']",07:00~01:00,"['맥드라이브', '맥딜리버리', '맥모닝', '주차', '디카페인 커피']"
373,대구만촌DT점,대구 수성구 만촌동 853-1,대구 수성구 달구벌대로 2634 (만촌동),"['070-7017-6504', '070-7017-6984']",07:00~24:00,"['맥드라이브', '맥딜리버리', '맥모닝', '주차', '디카페인 커피']"
374,양평SK DT,서울 영등포구 양평동3가 80-2,서울 영등포구 선유로 195,['070-7017-6505'],24시간,"['24시간', '맥드라이브', '맥딜리버리', '맥모닝', '주차', '디카페인 커피']"
375,부산송정 DT,부산 해운대구 송정동 135-2,부산 해운대구 해운대로 1114,['070-7017-6506'],24시간,"['24시간', '맥드라이브', '맥딜리버리', '맥모닝', '주차', '디카페인 커피']"
376,서울교대점,서울 서초구 서초동 1674-5,서울 서초구 서초대로 316(서초동) ,"['070-7017-6987', '070-7017-6989']",07:00~24:00,"['맥딜리버리', '맥모닝', '주차']"
377,평내 DT,경기 남양주시 평내동 246-21,경기 남양주시 경춘로 1273,['070-7017-6508'],24시간,"['24시간', '맥드라이브', '맥딜리버리', '맥모닝', '주차', '디카페인 커피']"
378,창원역DT점,경남 창원시 의창구 팔용동 149-4,경남 창원시 의창구 의창대로 50 (팔용동) ,"['070-7017-6509', '070-7017-6689']",07:00~24:00,"['맥드라이브', '맥딜리버리', '맥모닝', '주차', '디카페인 커피']"
379,통영죽림DT,경남 통영시 광도면 죽림리 1569-1,경남 통영시 광도면 죽림4로 36,['070-7017-6510'],07:00~02:00,"['맥드라이브', '맥딜리버리', '맥모닝', '주차', '디카페인 커피']"
380,전주인후DT점,전북 전주시 덕진구 인후동2가 1529-4,전북 전주시 덕진구 백제대로 692 (인후동2가) ,"['070-7017-6511', '070-7017-6991']",24시간,"['24시간', '맥드라이브', '맥딜리버리', '맥모닝', '주차']"
381,대구 수성DT,대구 수성구 수성동4가 1020-2,대구 수성구 달구벌대로 2345,['070-7017-6512'],07:00~24:00,"['맥드라이브', '맥딜리버리', '맥모닝', '주차', '디카페인 커피']"
382,천안원성 DT,충남 천안시 동남구 원성동 442-1,충남 천안시 동남구 천안대로 699,['070-7017-6993'],24시간,"['24시간', '맥드라이브', '맥딜리버리', '맥모닝', '주차', '디카페인 커피']"
383,문학DT점,인천 미추홀구 문학동 381-5,인천 미추홀구 매소홀로 600 (문학동),"['070-7017-6514', '070-7204-4647']",24시간,"['24시간', '맥드라이브', '맥딜리버리', '맥모닝', '주차']"
384,석촌역,서울 송파구 송파동 84,서울 송파구 백제고분로 390,['070-7017-6515'],24시간,"['24시간', '맥딜리버리', '맥모닝', '디카페인 커피']"
385,오산세교DT점,경기 오산시 내삼미동 466-1,경기 오산시 경기대로 651,"['070-7017-6516', '070-7204-4640']",08:00~24:00,"['맥드라이브', '맥딜리버리', '맥모닝', '주차']"
386,구미도량 DT,경북 구미시 도량동 524-3,경북 구미시 야은로 447,['070-7017-6517'],08:00~24:00,"['맥드라이브', '맥딜리버리', '맥모닝', '주차', '디카페인 커피']"
387,청주봉명 DT,충북 청주시 흥덕구 봉명동 1405,충북 청주시 흥덕구 1순환로 518,['070-7017-6518'],24시간,"['24시간', '맥드라이브', '맥딜리버리', '맥모닝', '주차', '디카페인 커피']"
388,동판교,경기 성남시 분당구 삼평동 741,경기 성남시 분당구 대왕판교로606번길 58,['070-7017-6519'],24시간,"['24시간', '맥딜리버리', '맥모닝', '주차', '디카페인 커피']"
389,성균관대,서울 종로구 명륜2가 197-1,서울 종로구 창경궁로 241-1,['070-7017-6520'],08:00~24:00,"['맥딜리버리', '맥모닝', '디카페인 커피']"
390,부산황령DT점,부산 남구 대연동 201,부산 남구 황령대로 374 (대연동),"['070-7017-6521', '070-7204-4643']",24시간,"['24시간', '맥드라이브', '맥딜리버리', '맥모닝', '주차']"
391,잠실역,서울 송파구 신천동 7-25,서울 송파구 송파대로 558,['070-7017-6952'],24시간,"['24시간', '맥딜리버리', '맥모닝', '디카페인 커피']"
392,부산기장 DT,부산 기장군 기장읍 청강리 112-1,부산 기장군 기장읍 기장대로 500,['070-7017-6960'],24시간,"['24시간', '맥드라이브', '맥딜리버리', '맥모닝', '주차', '디카페인 커피']"
393,목원대점,대전 유성구 용계동 664-8,대전 유성구 도안북로 81 (용계동),"['070-7017-6954', '070-7204-3297']",08:00~24:00,"['맥딜리버리', '맥모닝', '주차']"
394,청주비하 DT,충북 청주시 흥덕구 비하동 671-12,충북 청주시 흥덕구 2순환로 1076,['070-7017-6955'],24시간,"['24시간', '맥드라이브', '맥딜리버리', '맥모닝', '주차', '디카페인 커피']"
395,등촌 DT,서울 강서구 등촌동 630,서울 강서구 양천로 546,['070-7017-6526'],24시간,"['24시간', '맥드라이브', '맥딜리버리', '맥모닝', '주차', '디카페인 커피']"
396,마리오 아울렛,서울 금천구 가산동 60-22,서울 금천구 디지털로 185 마리오아울렛1,['070-7017-6527'],10:00~22:00,"['맥모닝', '주차', '디카페인 커피']"
397,울산 옥동,울산 남구 신정동 1639-36,울산 남구 문수로423번길 2,['070-7017-6528'],24시간,"['24시간', '맥드라이브', '맥딜리버리', '맥모닝', '주차', '디카페인 커피']"
398,병점DT점,경기 화성시 병점동 372-1,경기 화성시 경기대로 1004 (병점동),"['070-7017-6959', '070-7204-4985']",08:00~24:00,"['맥드라이브', '맥딜리버리', '맥모닝', '주차']"
399,순천덕암DT점,전남 순천시 덕암동 146-32,전남 순천시 구암원길 1 (덕암동),"['070-7017-6978', '070-7204-4987']",07:00~00:00,"['맥드라이브', '맥딜리버리', '맥모닝', '주차']"
400,동성로교보,대구 중구 동성로2가 88-25,대구 중구 국채보상로 586 (동성로2가),"['070-7017-6851', '070-7204-4423']",10:30~21:00,"['맥딜리버리', '맥모닝', '주차']"
401,만가대 DT,경기 의정부시 용현동 60-1,경기 의정부시 민락로 11,"['070-7017-6852', '070-7204-3298']",24시간,"['24시간', '맥드라이브', '맥딜리버리', '맥모닝', '주차', '디카페인 커피']"
402,미아역,서울 강북구 미아동 197-5,서울 강북구 도봉로 204 미아역 맥도날드,['070-7017-6856'],07:00~02:00,"['맥딜리버리', '맥모닝', '디카페인 커피']"
403,대전카이스트점,대전 유성구 가정동 2-23,대전 유성구 대덕대로 535,"['070-7017-6860', '070-7204-4430']",24시간,"['24시간', '맥드라이브', '맥딜리버리', '맥모닝', '주차']"
404,김천평화DT점,경북 김천시 평화동 2-2,경북 김천시 자산로 199,"['070-7017-6863', '070-7204-4471']",07:00~24:00,"['맥드라이브', '맥딜리버리', '맥모닝', '주차', '디카페인 커피']"
405,대구태전 DT,대구 북구 태전동 409-12,대구 북구 칠곡중앙대로 303,"['070-7017-6864', '070-7204-4472']",07:00~24:00,"['맥드라이브', '맥딜리버리', '맥모닝', '주차', '디카페인 커피']"
406,강남 2호점,서울 강남구 역삼동 822-2,서울 강남구 테헤란로 107 메디타워2층,['070-7017-6865'],08:00~24:00,"['맥딜리버리', '맥모닝', '디카페인 커피']"
407,개금점,부산 부산진구 개금동 618-2,"부산 부산진구 복지로 70, 상가 103호 (개금동, 현대아이아파트)",['070-7017-0991'],09:00~24:00,['맥딜리버리']
